1773247500,"258215936"
1773247515,"258228224"
1773247530,"258228224"
1773247545,"258228224"
1773247560,"258228224"
1773247575,"258236416"
1773247590,"258236416"
1773247605,"258236416"
1773247620,"258236416"
1773247635,"258256896"
1773247650,"258256896"
1773247665,"258256896"
1773247680,"258256896"
1773247695,"258273280"
1773247710,"258273280"
1773247725,"258273280"
1773247740,"258273280"
1773247755,"258289664"
1773247770,"258289664"
1773247785,"258289664"
1773247800,"258297856"
1773247815,"258297856"
1773247830,"258297856"
1773247845,"258297856"
1773247860,"258297856"
1773247875,"258314240"
1773247890,"258314240"
1773247905,"258314240"
1773247920,"258379776"
1773247935,"258379776"
1773247950,"258379776"
1773247965,"258379776"
1773247980,"258379776"
1773247995,"258392064"
1773248010,"258392064"
1773248025,"258392064"
1773248040,"258392064"
1773248055,"258408448"
1773248070,"258408448"
1773248085,"258408448"
1773248100,"258420736"
1773248115,"258420736"
1773248130,"258420736"
1773248145,"258420736"
1773248160,"258428928"
1773248175,"258428928"
1773248190,"258428928"
1773248205,"258428928"
1773248220,"258428928"
1773248235,"258453504"
1773248250,"258453504"
1773248265,"258453504"
1773248280,"258469888"
1773248295,"258469888"
1773248310,"258469888"
1773248325,"258469888"
1773248340,"258482176"
1773248355,"258482176"
1773248370,"258482176"
1773248385,"258482176"
1773248400,"258494464"
1773248415,"258494464"
1773248430,"258494464"
1773248445,"258494464"
1773248460,"258494464"
1773248475,"258527232"
1773248490,"258527232"
1773248505,"258527232"
1773248520,"258527232"
1773248535,"258613248"
1773248550,"258613248"
1773248565,"258613248"
1773248580,"258613248"
1773248595,"258703360"
1773248610,"258703360"
1773248625,"258703360"
1773248640,"258785280"
1773248655,"258785280"
1773248670,"258785280"
1773248685,"258785280"
1773248700,"258785280"
1773248715,"258854912"
1773248730,"258854912"
1773248745,"258854912"
1773248760,"258883584"
1773248775,"258883584"
1773248790,"258883584"
1773248805,"258883584"
1773248820,"258883584"
1773248835,"258936832"
1773248850,"258936832"
1773248865,"258936832"
1773248880,"258977792"
1773248895,"258977792"
1773248910,"258977792"
1773248925,"258977792"
1773248940,"258977792"
1773248955,"259010560"
1773248970,"259010560"
1773248985,"259010560"
1773249000,"259010560"
1773249015,"259031040"
1773249030,"259031040"
1773249045,"259031040"
1773249060,"259031040"
1773249075,"259080192"
1773249090,"259080192"
1773249105,"259080192"
1773249120,"259117056"
1773249135,"259117056"
1773249150,"259117056"
1773249165,"259117056"
1773249180,"259117056"
1773249195,"259141632"
1773249210,"259141632"
1773249225,"259141632"
1773249240,"259170304"
1773249255,"259170304"
1773249270,"259170304"
1773249285,"259170304"
1773249300,"259207168"
1773249315,"259207168"
1773249330,"259207168"
1773249345,"259207168"
1773249360,"259231744"
1773249375,"259231744"
1773249390,"259231744"
1773249405,"259231744"
1773249420,"259231744"
1773249435,"259260416"
1773249450,"259260416"
1773249465,"259260416"
1773249480,"259260416"
1773249495,"259280896"
1773249510,"259280896"
1773249525,"259280896"
1773249540,"259280896"
1773249555,"259301376"
1773249570,"259301376"
1773249585,"259301376"
1773249600,"259301376"
1773249615,"259330048"
1773249630,"259330048"
1773249645,"259330048"
1773249660,"259330048"
1773249675,"259362816"
1773249690,"259362816"
1773249705,"259362816"
1773249720,"261931008"
1773249735,"261931008"
1773249750,"261931008"
1773249765,"261931008"
1773249780,"261931008"
1773249795,"261963776"
1773249810,"261963776"
1773249825,"261963776"
1773249840,"261984256"
1773249855,"261984256"
1773249870,"261984256"
1773249885,"261984256"
1773249900,"262008832"
1773249915,"262008832"
1773249930,"262008832"
1773249945,"262008832"
1773249960,"262008832"
1773249975,"262021120"
1773249990,"262021120"
1773250005,"262021120"
1773250020,"262021120"
1773250035,"262041600"
1773250050,"262041600"
1773250065,"262041600"
1773250080,"262041600"
1773250095,"262074368"
1773250110,"262074368"
1773250125,"262074368"
1773250140,"262107136"
1773250155,"262107136"
1773250170,"262107136"
1773250185,"262107136"
1773250200,"262107136"
1773250215,"262135808"
1773250230,"262135808"
1773250245,"262135808"
1773250260,"262135808"
1773250275,"262148096"
1773250290,"262148096"
1773250305,"262148096"
1773250320,"262148096"
